fips,NAME,POP70,HHD70,POP80,HHD80,POP90,HHD90,POP00,HHD00,POP10,HHD10,2020-01-21,2020-01-22,2020-01-23,2020-01-24,2020-01-25,2020-01-26,2020-01-27,2020-01-28,2020-01-29,2020-01-30,2020-01-31,2020-02-01,2020-02-02,2020-02-03,2020-02-04,2020-02-05,2020-02-06,2020-02-07,2020-02-08,2020-02-09,2020-02-10,2020-02-11,2020-02-12,2020-02-13,2020-02-14,2020-02-15,2020-02-16,2020-02-17,2020-02-18,2020-02-19,2020-02-20,2020-02-21,2020-02-22,2020-02-23,2020-02-24,2020-02-25,2020-02-26,2020-02-27,2020-02-28,2020-02-29,2020-03-01,2020-03-02,2020-03-03,2020-03-04,2020-03-05,2020-03-06,2020-03-07,2020-03-08,2020-03-09,2020-03-10,2020-03-11,2020-03-12,2020-03-13,2020-03-14,2020-03-15,2020-03-16,2020-03-17,2020-03-18,2020-03-19,2020-03-20,2020-03-21,2020-03-22,2020-03-23,2020-03-24,2020-03-25,2020-03-26,2020-03-27,2020-03-28,2020-03-29,2020-03-30,2020-03-31,2020-04-01,2020-04-02,2020-04-03,2020-04-04,2020-04-05,2020-04-06,2020-04-07,2020-04-08,2020-04-09,2020-04-10,2020-04-11,2020-04-12,2020-04-13,2020-04-14,2020-04-15,2020-04-16,2020-04-17,2020-04-18,2020-04-19,2020-04-20,2020-04-21,2020-04-22,2020-04-23,2020-04-24,2020-04-25,2020-04-26,2020-04-27,2020-04-28,2020-04-29,2020-04-30,2020-05-01,2020-05-02,2020-05-03,2020-05-04,2020-05-05
01,Alabama,3434507,1031615,3886040,1340563,4040576,1506778,4447059,1737086,4779736,1883791,0,0,0,0,0,0,0,0,0,0,0,0,0,0,0,0,0,0,0,0,0,0,0,0,0,0,0,0,0,0,0,0,0,0,0,0,0,0,0,0,0,0,0,0,0,0,0,0,0,0,0,0,6,12,23,29,39,51,78,106,131,157,196,242,386,538,639,720,830,947,999,1106,1270,1535,1633,1841,2006,2197,2499,2838,3008,3262,3583,3805,3953,4241,4404,4572,4723,4903,5078,5327,5610,5832,6026,6213,6421,6539,6750,6925,7068,7294,7611,7888,8112,8437
02,Alaska,225211,61547,393155,130004,549808,188909,626932,221599,710231,258058,0,0,0,0,0,0,0,0,0,0,0,0,0,0,0,0,0,0,0,0,0,0,0,0,0,0,0,0,0,0,0,0,0,0,0,0,0,0,0,0,0,0,0,0,0,0,0,0,0,0,0,1,1,1,1,3,6,9,12,14,21,22,36,42,59,69,85,102,114,119,133,143,146,156,169,183,189,211,224,233,244,255,270,275,283,291,298,307,312,317,319,327,333,335,337,337,339,343,349,353,353,362,363,366,368,369
04,Arizona,1768275,538809,2705322,953006,3663266,1368775,5130674,1901349,6392017,2380990,0,0,0,0,0,1,1,1,1,1,1,1,1,1,1,1,1,1,1,1,1,1,1,1,1,1,1,1,1,1,1,1,1,1,1,1,1,1,1,1,1,1,2,2,2,3,5,5,6,6,9,9,9,12,13,18,20,28,47,70,104,153,234,326,402,508,665,773,929,1169,1298,1413,1600,1769,2019,2269,2465,2575,2726,3018,3112,3393,3539,3702,3806,3962,4234,4507,4719,4929,5064,5251,5459,5769,6045,6280,6526,6716,6948,7202,7648,7962,8364,8640,8919,9305
05,Arkansas,1901082,608500,2253450,805730,2350107,891049,2673393,1042696,2915918,1147084,0,0,0,0,0,0,0,0,0,0,0,0,0,0,0,0,0,0,0,0,0,0,0,0,0,0,0,0,0,0,0,0,0,0,0,0,0,0,0,0,0,0,0,0,0,0,0,0,0,0,1,6,7,9,16,22,22,33,62,100,118,165,201,232,308,351,386,409,449,508,564,624,683,738,743,853,927,997,1077,1146,1202,1228,1280,1475,1498,1599,1620,1695,1777,1781,1971,2262,2392,2599,2810,2909,3001,3069,3127,3207,3281,3310,3372,3431,3469,3525
06,California,19838084,6570174,23575384,8624938,29724503,10377409,33871650,11502847,37253956,12577498,0,0,0,0,1,2,2,2,2,2,3,3,6,6,6,6,6,6,6,6,7,7,7,7,7,7,7,7,7,7,8,9,9,9,11,11,26,26,27,28,33,38,45,55,67,81,100,112,172,179,202,252,320,381,478,588,732,893,1067,1283,1544,1851,2240,2644,3183,4060,4914,5565,6266,7421,8582,9816,11190,12569,13796,15076,16284,17540,19043,20191,21366,22421,23323,24334,25758,27107,28142,29398,30829,31544,33862,35844,37573,39534,41368,42590,43691,45208,46570,48904,50470,52318,53753,55072,56333,58848
08,Colorado,2181196,684818,2828761,1042987,3278284,1276564,4284074,1652051,5029196,1972868,0,0,0,0,0,0,0,0,0,0,0,0,0,0,0,0,0,0,0,0,0,0,0,0,0,0,0,0,0,0,0,0,0,0,0,0,0,0,0,0,0,0,0,0,2,8,8,8,12,17,34,49,78,103,136,161,183,216,278,364,475,591,721,912,1086,1432,1735,2061,2315,2628,2990,3346,3728,4182,4574,4950,5172,5429,5655,6202,6510,6893,7303,7691,7941,8280,8675,9047,9433,9730,10106,10447,10878,11262,12255,12968,13441,13804,14239,14680,15207,15661,16118,16527,16799,17256
09,Connecticut,2830466,872390,3103666,1093929,3285685,1230462,3405568,1301670,3574097,1371087,0,0,0,0,0,0,0,0,0,0,0,0,0,0,0,0,0,0,0,0,0,0,0,0,0,0,0,0,0,0,0,0,0,0,0,0,0,0,0,0,0,0,0,0,0,0,0,1,2,2,3,6,11,20,26,41,68,96,159,194,223,327,415,618,875,1012,1291,1524,1993,2571,3128,3557,3824,4915,5276,5675,6906,7781,8781,9784,10538,11510,12035,13381,13989,14755,15884,16809,17550,17962,19815,20360,22469,23100,23921,24582,25269,25997,26312,26767,27700,28764,29287,29287,29973,30621
10,Delaware,547983,164756,594063,206973,666161,247496,783606,298735,897934,342297,0,0,0,0,0,0,0,0,0,0,0,0,0,0,0,0,0,0,0,0,0,0,0,0,0,0,0,0,0,0,0,0,0,0,0,0,0,0,0,0,0,0,0,0,0,0,0,0,0,0,1,4,4,4,7,8,16,26,30,39,45,56,87,104,119,143,165,214,232,264,319,368,393,450,593,673,783,928,1116,1209,1326,1479,1625,1761,1926,2014,2075,2323,2538,2538,2745,2931,3200,3308,3442,3576,4034,4162,4575,4655,4734,4918,5038,5208,5288,5371
11,District of Columbia,755915,262166,638332,253124,606886,249637,572059,248339,601723,266707,0,0,0,0,0,0,0,0,0,0,0,0,0,0,0,0,0,0,0,0,0,0,0,0,0,0,0,0,0,0,0,0,0,0,0,0,0,0,0,0,0,0,0,0,0,0,1,1,4,4,10,10,10,16,17,22,31,36,39,71,77,98,116,137,183,231,267,304,342,401,495,586,653,757,902,998,1097,1211,1440,1523,1660,1778,1875,1955,2058,2197,2350,2476,2666,2793,2927,3098,3206,3361,3528,3699,3841,3892,3994,4106,4323,4658,4797,5016,5170,5322
12,Florida,6609892,2225578,9536558,3667906,12936271,5134521,15982261,6337855,18801310,7420802,0,0,0,0,0,0,0,0,0,0,0,0,0,0,0,0,0,0,0,0,0,0,0,0,0,0,0,0,0,0,0,0,0,0,0,0,0,0,0,0,2,2,3,3,4,7,12,13,14,23,26,46,70,70,109,141,210,326,434,564,764,1000,1222,1467,1965,2477,3198,4038,4942,5694,6741,7765,9000,10260,11537,12342,13621,14739,15690,16819,17960,18978,19855,21011,21620,22526,23332,24745,25484,26306,27050,27861,28301,29640,30525,30831,31520,32130,32838,33185,33683,34720,35455,36070,36889,37431
13,Georgia,4583982,1367090,5457519,1869746,6477997,2366590,8186384,3006374,9687653,3585584,0,0,0,0,0,0,0,0,0,0,0,0,0,0,0,0,0,0,0,0,0,0,0,0,0,0,0,0,0,0,0,0,0,0,0,0,0,0,0,0,0,2,2,2,2,3,7,11,17,22,31,31,41,65,97,118,142,193,282,482,552,620,800,1097,1387,1643,2198,2447,2683,3032,4117,4748,5444,5967,6383,6742,7558,9156,10204,10885,11859,12261,12103,13125,13913,14583,15644,16658,17014,17619,18447,19189,20099,20905,21575,22225,22459,23229,23607,24300,25431,26436,27268,27618,28350,28876
15,Hawaii,743601,199357,931792,287576,1108041,356249,1211523,403238,1360301,455338,0,0,0,0,0,0,0,0,0,0,0,0,0,0,0,0,0,0,0,0,0,0,0,0,0,0,0,0,0,0,0,0,0,0,0,0,0,0,0,0,0,0,0,0,0,1,1,2,2,2,2,2,2,4,7,10,14,16,26,37,48,56,77,90,95,106,120,151,175,204,224,258,283,317,349,369,385,408,433,440,463,484,497,502,511,524,535,547,568,574,578,580,586,590,595,597,599,600,602,605,609,610,611,611,612,615
16,Idaho,707787,217515,917857,315902,1006739,360719,1293938,469643,1567582,579408,0,0,0,0,0,0,0,0,0,0,0,0,0,0,0,0,0,0,0,0,0,0,0,0,0,0,0,0,0,0,0,0,0,0,0,0,0,0,0,0,0,0,0,0,0,0,0,0,0,0,0,0,1,5,5,5,9,11,23,31,42,47,50,73,123,189,231,261,310,415,526,669,891,1013,1077,1101,1170,1210,1232,1353,1397,1407,1426,1453,1464,1507,1528,1566,1577,1581,1638,1659,1688,1721,1750,1760,1768,1785,1810,1831,1861,1883,1908,1906,1947,1960
17,Illinois,11281149,3690147,11353735,4020464,11429587,4202209,12419324,4591794,12830632,4836972,0,0,0,1,1,1,1,1,1,2,2,2,2,2,2,2,2,2,2,2,2,2,2,2,2,2,2,2,2,2,2,2,2,2,2,2,2,2,2,3,3,4,4,4,5,6,6,7,11,19,25,32,46,66,94,104,159,286,420,583,751,1047,1285,1535,1875,2538,3029,3547,4613,5070,5994,6980,7695,8904,10357,11276,12262,13549,15078,16422,17887,19180,20852,22025,23247,24593,25734,27575,29160,30357,31508,33059,35108,36935,39658,41777,43903,45883,48102,50355,52918,56055,58505,61499,63840,65889
18,Indiana,5185645,1607451,5453652,1915438,5543737,2065335,6080490,2336295,6483802,2502154,0,0,0,0,0,0,0,0,0,0,0,0,0,0,0,0,0,0,0,0,0,0,0,0,0,0,0,0,0,0,0,0,0,0,0,0,0,0,0,0,0,0,0,0,0,1,1,2,4,6,11,12,12,15,19,24,30,39,56,79,126,201,259,366,479,656,982,1232,1514,1788,2159,2565,3039,3437,3953,4411,4956,5507,5943,6351,6907,7435,7928,8236,8527,8955,9542,10154,10641,11210,11686,12097,12438,13039,13680,14395,15012,15961,16579,17168,17822,18630,19295,19933,20507,21033
19,Iowa,2800790,891044,2887273,1047065,2775506,1063872,2926335,1149269,3046355,1221576,0,0,0,0,0,0,0,0,0,0,0,0,0,0,0,0,0,0,0,0,0,0,0,0,0,0,0,0,0,0,0,0,0,0,0,0,0,0,0,0,0,0,0,0,0,0,0,3,8,13,14,16,17,18,22,22,29,38,44,45,68,90,105,124,145,179,235,298,336,424,498,549,614,699,786,868,946,1048,1145,1270,1388,1510,1587,1710,1899,1995,2141,2332,2513,2915,3175,3641,3764,3939,4459,5109,5491,5868,6376,6843,7145,7884,8641,9169,9703,10111
20,Kansas,2226711,721336,2338807,863364,2477521,944713,2688414,1037896,2853118,1112096,0,0,0,0,0,0,0,0,0,0,0,0,0,0,0,0,0,0,0,0,0,0,0,0,0,0,0,0,0,0,0,0,0,0,0,0,0,0,0,0,0,0,0,0,0,0,1,1,1,1,1,5,6,8,9,11,17,22,35,49,57,66,82,99,132,171,212,271,332,373,434,488,554,624,701,763,853,905,1055,1116,1180,1283,1338,1383,1439,1502,1594,1731,1820,1898,2031,2115,2292,2615,2830,3081,3188,3393,3587,3799,4291,4486,4838,5156,5365,5603
21,Kentucky,3154685,963783,3568471,1231767,3684185,1379351,4041767,1590646,4339367,1719965,0,0,0,0,0,0,0,0,0,0,0,0,0,0,0,0,0,0,0,0,0,0,0,0,0,0,0,0,0,0,0,0,0,0,0,0,0,0,0,0,0,0,0,0,0,1,1,4,5,7,7,11,11,18,21,22,26,35,47,63,84,103,124,157,198,248,302,394,439,480,590,674,747,762,909,1048,1057,1289,1393,1525,1702,1851,1963,2048,2210,2295,2429,2522,2707,2960,3050,3193,3373,3548,3779,3905,4074,4146,4375,4538,4708,4879,4881,5222,5363,5822
22,Louisiana,3625346,1048665,4165216,1400293,4210278,1498308,4468774,1655949,4533372,1728360,0,0,0,0,0,0,0,0,0,0,0,0,0,0,0,0,0,0,0,0,0,0,0,0,0,0,0,0,0,0,0,0,0,0,0,0,0,0,0,0,0,0,0,0,0,0,0,0,1,6,13,14,36,77,103,137,196,280,392,537,763,837,1172,1388,1795,2305,2746,3315,3540,4025,5237,6424,9150,10297,12496,13010,14867,16284,17030,18283,19253,20014,20595,21016,21518,21951,22532,23118,23580,23928,24523,24854,25258,25739,26140,26512,26773,27068,27286,27660,28001,28711,29140,29340,29673,29996
23,Maine,961311,293990,1121387,394660,1227919,465305,1274930,518205,1328361,557219,0,0,0,0,0,0,0,0,0,0,0,0,0,0,0,0,0,0,0,0,0,0,0,0,0,0,0,0,0,0,0,0,0,0,0,0,0,0,0,0,0,0,0,0,0,0,0,0,0,0,0,1,2,3,12,17,32,43,52,57,70,89,107,118,142,155,168,211,253,275,303,344,376,432,456,470,499,519,537,560,586,616,633,698,734,770,796,827,847,867,875,888,907,937,965,990,1015,1023,1040,1056,1095,1123,1152,1185,1205,1226
24,Maryland,3906314,1172470,4202403,1458677,4776908,1747516,5296490,1980848,5773552,2156411,0,0,0,0,0,0,0,0,0,0,0,0,0,0,0,0,0,0,0,0,0,0,0,0,0,0,0,0,0,0,0,0,0,0,0,0,0,0,0,0,0,0,0,0,3,3,3,5,6,9,13,13,18,27,32,39,57,85,108,150,195,245,290,349,423,581,775,1066,1244,1414,1662,1985,2331,2758,3125,3609,4045,4371,5529,6185,6968,7694,8225,8936,9472,10032,10784,11572,12308,12830,13684,14193,14775,15737,16618,17766,18581,19487,20113,20849,21742,23472,24473,25462,26408,27117
25,Massachusetts,5543009,1717923,5732054,2032845,6014825,2247094,6349050,2443561,6547629,2547075,0,0,0,0,0,0,0,0,0,0,0,1,1,1,1,1,1,1,1,1,1,1,1,1,1,1,1,1,1,1,1,1,1,1,1,1,1,1,1,1,1,2,2,2,3,8,13,28,41,92,95,108,123,138,164,197,218,256,328,413,525,646,777,1159,1838,2417,3240,4257,4955,5752,6620,7738,8966,10402,11736,12500,13837,15202,16790,18941,20974,22860,25475,26867,28163,29918,32181,34402,36372,38077,39643,41199,42944,46023,50969,53348,54938,56462,58302,60265,62205,64311,66263,68087,69087,70271
26,Michigan,8844306,2647511,9238789,3189919,9290053,3418359,9938437,3785672,9883640,3872508,0,0,0,0,0,0,0,0,0,0,0,0,0,0,0,0,0,0,0,0,0,0,0,0,0,0,0,0,0,0,0,0,0,0,0,0,0,0,0,0,0,0,0,0,0,0,0,0,0,2,2,12,25,33,53,54,65,80,334,548,787,1033,1324,1791,2294,2878,3657,4635,5486,6508,7630,9293,10791,12670,14225,15635,17130,18852,20220,21375,22646,23853,24494,25487,26844,27893,29119,29952,30717,31348,31927,32935,33929,35252,36627,37184,37751,38190,39234,40360,41347,42348,43191,43736,43928,44333
27,Minnesota,3790656,1150872,4057141,1440543,4373388,1647489,4919461,1895106,5303925,2087227,0,0,0,0,0,0,0,0,0,0,0,0,0,0,0,0,0,0,0,0,0,0,0,0,0,0,0,0,0,0,0,0,0,0,0,0,0,0,0,0,0,0,0,0,0,1,1,2,2,3,5,9,14,21,35,54,60,77,89,115,138,171,235,262,287,346,398,441,504,576,629,689,742,789,865,935,986,1069,1154,1242,1335,1427,1621,1650,1695,1809,1912,2071,2213,2356,2470,2567,2721,2942,3185,3446,3602,3816,4181,4644,5136,5730,6228,6663,7234,7851
28,Mississippi,2247041,644467,2521562,828047,2573190,911376,2844629,1046426,2967297,1115768,0,0,0,0,0,0,0,0,0,0,0,0,0,0,0,0,0,0,0,0,0,0,0,0,0,0,0,0,0,0,0,0,0,0,0,0,0,0,0,0,0,0,0,0,0,0,0,0,0,0,1,1,6,6,10,12,21,34,50,80,140,207,249,320,377,487,579,669,759,848,937,1073,1177,1358,1455,1638,1738,1915,2003,2260,2469,2642,2781,2942,3087,3360,3624,3793,3974,4274,4512,4716,4894,5153,5434,5718,5911,6094,6342,6569,6815,7212,7441,7550,7877,8207
29,Missouri,4655938,1513696,4906773,1790096,5116844,1961191,5595183,2194576,5988927,2375611,0,0,0,0,0,0,0,0,0,0,0,0,0,0,0,0,0,0,0,0,0,0,0,0,0,0,0,0,0,0,0,0,0,0,0,0,0,0,0,0,0,0,0,0,0,0,1,1,1,1,1,2,4,5,5,9,16,21,35,73,93,130,183,255,377,507,671,838,903,1050,1351,1581,1834,2113,2291,2367,2722,3037,3327,3539,3799,4024,4160,4388,4686,4895,5111,5283,5517,5667,5807,5941,6137,6321,6625,6826,6997,7171,7306,7426,7563,7840,8154,8454,8776,8919
30,Montana,663884,208512,722317,263001,799059,306175,902198,358673,989415,409607,0,0,0,0,0,0,0,0,0,0,0,0,0,0,0,0,0,0,0,0,0,0,0,0,0,0,0,0,0,0,0,0,0,0,0,0,0,0,0,0,0,0,0,0,0,0,0,0,0,0,0,0,4,6,6,8,8,12,19,19,29,34,45,51,65,90,121,147,161,177,198,217,241,262,281,298,319,319,332,354,365,377,387,394,399,404,415,422,426,433,433,437,439,442,444,445,448,449,451,451,453,453,455,455,457,456
31,Nebraska,1477485,472230,1556046,567299,1577613,602346,1711170,666152,1826341,721130,0,0,0,0,0,0,0,0,0,0,0,0,0,0,0,0,0,0,0,0,0,0,0,0,0,0,0,10,10,10,11,11,11,11,12,13,13,13,13,13,13,13,13,13,13,14,14,16,16,17,23,24,27,29,31,33,36,43,47,53,61,62,73,77,84,92,100,122,137,185,193,249,273,296,339,377,438,490,538,594,679,719,806,871,931,995,1094,1216,1348,1474,1648,1727,1827,2191,2475,2900,3126,3487,3613,3876,4332,4838,5333,5687,6125,6446
32,Nevada,484784,158802,799720,303809,1200617,466191,1998195,751140,2700551,1006250,0,0,0,0,0,0,0,0,0,0,0,0,0,0,0,0,0,0,0,0,0,0,0,0,0,0,0,0,0,0,0,0,0,0,0,0,0,0,0,0,0,0,0,0,2,2,2,4,4,4,7,11,19,21,26,45,55,82,99,165,165,190,265,315,405,535,621,738,920,1044,1113,1279,1458,1549,1758,1880,1971,2101,2318,2456,2606,2720,2860,3036,3137,3212,3321,3524,3626,3741,3830,3937,4081,4208,4398,4539,4638,4708,4812,4934,5053,5249,5390,5473,5627,5665
33,New Hampshire,728548,222850,916059,322222,1106637,410573,1235777,474604,1316470,518973,0,0,0,0,0,0,0,0,0,0,0,0,0,0,0,0,0,0,0,0,0,0,0,0,0,0,0,0,0,0,0,0,0,0,0,0,0,0,0,0,0,1,2,2,2,2,4,4,4,5,5,6,7,7,13,17,26,39,44,55,65,78,101,108,137,158,187,214,258,314,367,415,479,540,621,669,715,747,788,819,885,929,985,1020,1091,1139,1211,1287,1342,1392,1447,1491,1588,1670,1720,1793,1864,1938,2010,2054,2146,2310,2429,2518,2588,2636
34,New Jersey,7134124,2212496,7351152,2547407,7724378,2793478,8414308,3064622,8791894,3214360,0,0,0,0,0,0,0,0,0,0,0,0,0,0,0,0,0,0,0,0,0,0,0,0,0,0,0,0,0,0,0,0,0,0,0,0,0,0,0,0,0,0,0,1,2,4,4,6,11,15,23,29,50,75,98,176,268,427,735,896,1336,1914,2844,3675,4402,6876,8825,11124,13386,16636,18696,22255,25590,29895,34124,37505,41090,44416,47437,51027,54588,58151,61850,64584,68824,71030,75317,78467,81420,85301,88806,92387,95865,99989,102196,105523,109038,111188,113856,116264,118652,121190,123717,126744,128269,130593
35,New Mexico,1008975,287643,1284910,436791,1515072,542713,1819047,677981,2059179,791395,0,0,0,0,0,0,0,0,0,0,0,0,0,0,0,0,0,0,0,0,0,0,0,0,0,0,0,0,0,0,0,0,0,0,0,0,0,0,0,0,0,0,0,0,0,0,0,0,0,0,4,6,10,13,17,21,23,28,35,43,57,65,83,100,112,136,191,208,237,281,315,363,403,495,543,624,686,794,865,989,1091,1174,1245,1345,1407,1484,1597,1711,1798,1845,1971,2072,2210,2379,2524,2662,2728,2825,2975,3213,3411,3513,3732,3850,4031,4138
36,New York,18025594,5857755,17498167,6329711,17978957,6638547,18976428,7056847,19378102,7317755,0,0,0,0,0,0,0,0,0,0,0,0,0,0,0,0,0,0,0,0,0,0,0,0,0,0,0,0,0,0,0,0,0,0,0,0,0,0,0,0,1,1,2,11,22,44,89,106,142,173,217,326,421,610,732,950,1374,2382,4152,7102,10356,15168,20875,25665,33066,38987,44635,53363,59568,67174,75832,83889,92381,102870,114996,122911,130689,140081,149401,159937,170512,180458,188694,195031,202208,213779,222284,229642,236763,242817,247543,251720,257246,263460,271621,282174,288076,292027,295137,299722,304401,308345,313008,316446,318984,321276
37,North Carolina,5044270,1497894,5795278,2014002,6626118,2517030,8049319,3132029,9535483,3745155,0,0,0,0,0,0,0,0,0,0,0,0,0,0,0,0,0,0,0,0,0,0,0,0,0,0,0,0,0,0,0,0,0,0,0,0,0,0,0,0,0,0,1,1,1,2,2,2,7,7,8,16,18,25,32,34,42,66,104,144,184,269,303,399,563,638,783,972,1167,1304,1528,1582,1857,2093,2402,2585,2870,3220,3423,3651,3906,4310,4520,4788,4992,5123,5463,5859,6140,6493,6764,6951,7220,7608,8052,8542,8830,9035,9568,9947,10507,10922,11514,11668,11871,12283
38,North Dakota,558378,165150,645522,225512,638804,240878,642212,257161,672591,281192,0,0,0,0,0,0,0,0,0,0,0,0,0,0,0,0,0,0,0,0,0,0,0,0,0,0,0,0,0,0,0,0,0,0,0,0,0,0,0,0,0,0,0,0,0,0,0,0,0,0,1,1,1,1,1,1,5,7,19,27,28,30,32,36,45,58,68,94,98,109,126,147,159,173,186,207,225,237,251,269,278,293,308,331,341,365,393,439,528,585,627,644,679,709,748,803,867,942,991,1033,1067,1107,1153,1191,1225,1266
39,Ohio,10643806,3287134,10770770,3825182,10847074,4087529,11353089,4445782,11536504,4603435,0,0,0,0,0,0,0,0,0,0,0,0,0,0,0,0,0,0,0,0,0,0,0,0,0,0,0,0,0,0,0,0,0,0,0,0,0,0,0,0,0,0,0,0,0,0,0,0,3,3,4,5,13,26,37,50,67,90,120,169,247,351,444,564,706,867,1144,1406,1665,1933,2199,2547,2902,3312,3739,4043,4450,4782,5148,5512,5878,6250,6604,6975,7280,7791,8414,9107,10222,11602,12919,13725,14117,14694,15169,15587,15963,16325,16769,17303,18027,18743,19335,19914,20474,20969
40,Oklahoma,2519404,836624,2980618,1103415,3145563,1206129,3450644,1342292,3751351,1460450,0,0,0,0,0,0,0,0,0,0,0,0,0,0,0,0,0,0,0,0,0,0,0,0,0,0,0,0,0,0,0,0,0,0,0,0,0,0,0,0,0,0,0,0,0,1,1,1,1,2,2,2,3,4,8,10,18,29,44,49,53,67,81,106,164,248,322,377,429,481,566,719,879,988,1159,1252,1327,1472,1524,1684,1794,1868,1970,2069,2184,2263,2357,2465,2570,2599,2680,2807,2894,3017,3121,3193,3253,3280,3410,3473,3618,3748,3851,3972,4044,4127
41,Oregon,2088204,690699,2598625,980060,2842333,1103309,3421426,1333728,3831074,1518938,0,0,0,0,0,0,0,0,0,0,0,0,0,0,0,0,0,0,0,0,0,0,0,0,0,0,0,0,0,0,0,0,0,0,0,0,0,0,1,1,2,2,2,2,2,2,6,13,13,14,20,30,30,36,39,46,66,74,87,114,137,161,191,209,266,316,414,479,548,606,690,736,826,899,999,1068,1132,1181,1239,1321,1371,1447,1527,1584,1633,1663,1736,1785,1844,1910,1956,2002,2059,2127,2177,2253,2311,2354,2385,2446,2510,2579,2635,2680,2759,2839
42,Pennsylvania,11650167,3662652,11712950,4169947,11874330,4495228,12280773,4776916,12702379,5018904,0,0,0,0,0,0,0,0,0,0,0,0,0,0,0,0,0,0,0,0,0,0,0,0,0,0,0,0,0,0,0,0,0,0,0,0,0,0,0,0,0,0,0,0,0,2,4,6,10,12,16,22,41,47,68,81,101,139,187,269,388,504,644,851,1151,1690,2218,2815,3441,4156,4997,5805,7016,8420,10109,11589,13074,14582,16414,18379,20128,21774,22955,24295,25591,26804,28314,30121,31742,32992,34005,35384,36763,38334,40298,41626,42709,43728,45323,46191,48224,49764,51071,52079,52992,53967
44,Rhode Island,926554,291407,943599,337695,1003445,377971,1048318,408418,1052567,413600,0,0,0,0,0,0,0,0,0,0,0,0,0,0,0,0,0,0,0,0,0,0,0,0,0,0,0,0,0,0,0,0,0,0,0,0,0,0,0,0,2,2,2,2,2,3,3,3,3,5,5,5,20,20,20,21,23,33,44,44,66,83,106,124,132,165,203,239,294,408,488,566,657,711,806,922,1082,1229,1450,1727,2015,2349,2665,2976,3251,3529,3838,4177,4491,4706,5090,5500,5841,6256,6699,7129,7439,7708,7926,8247,8621,8962,9289,9477,9652,9933
45,South Carolina,2529974,721597,3029898,1003951,3486637,1258015,4011929,1533817,4625364,1801181,0,0,0,0,0,0,0,0,0,0,0,0,0,0,0,0,0,0,0,0,0,0,0,0,0,0,0,0,0,0,0,0,0,0,0,0,0,0,0,0,0,0,0,0,0,2,2,6,7,9,10,12,13,19,28,33,47,60,81,126,172,194,299,342,424,456,539,660,774,925,1083,1293,1554,1700,1917,2049,2232,2417,2552,2792,3065,3207,3319,3439,3553,3656,3931,4086,4246,4377,4439,4608,4761,4917,5070,5253,5490,5613,5735,5881,6095,6258,6489,6626,6757,6841
46,South Dakota,659775,199251,684850,240783,695979,259028,754837,290239,814180,322282,0,0,0,0,0,0,0,0,0,0,0,0,0,0,0,0,0,0,0,0,0,0,0,0,0,0,0,0,0,0,0,0,0,0,0,0,0,0,0,0,0,0,0,0,0,0,0,0,0,5,8,8,9,9,9,10,11,11,14,14,14,21,28,30,41,46,58,68,90,101,108,129,165,187,212,240,288,320,393,447,536,626,730,868,988,1168,1311,1411,1542,1635,1685,1755,1858,1956,2040,2147,2213,2246,2314,2375,2450,2526,2588,2631,2668,2721
47,Tennessee,3887475,1202135,4517786,1593904,4876389,1853691,5689195,2232886,6346105,2493552,0,0,0,0,0,0,0,0,0,0,0,0,0,0,0,0,0,0,0,0,0,0,0,0,0,0,0,0,0,0,0,0,0,0,0,0,0,0,0,0,0,0,0,0,1,1,1,3,4,7,8,18,26,32,39,52,73,98,155,237,312,424,522,679,806,981,1180,1364,1570,1721,2049,2690,2869,3032,3265,3538,3753,4010,4246,4456,4793,4983,5144,5483,5654,5878,6090,6438,6637,6845,7015,7341,7704,8230,8679,8977,9493,9796,10031,10312,10562,11853,12445,12934,13343,13615
48,Texas,11304259,3557430,14167151,4910468,16985153,6070690,20851813,7393320,25145561,8922933,0,0,0,0,0,0,0,0,0,0,0,0,0,0,0,0,0,0,0,0,0,0,1,2,2,2,2,2,2,2,2,4,4,4,10,10,10,10,11,11,11,11,11,12,16,19,19,23,24,31,33,41,58,69,80,87,106,166,248,377,547,632,728,857,1119,1543,1942,2161,2712,3043,3576,4261,4880,5669,6566,7091,8104,8968,9897,11372,12290,13208,13776,14487,15303,16106,16928,18131,18927,19441,20035,20949,21769,22706,23650,24494,25206,25960,26865,27836,29072,30339,31430,32296,33131,34283
49,Utah,1055295,296711,1441043,442877,1722845,537272,2233153,701273,2763885,877692,0,0,0,0,0,0,0,0,0,0,0,0,0,0,0,0,0,0,0,0,0,0,0,0,0,0,0,0,0,0,0,0,0,0,0,1,1,1,1,1,1,1,1,1,1,3,3,3,3,4,5,7,7,21,29,40,51,65,80,112,138,182,257,298,346,402,480,608,719,806,887,1012,1074,1260,1428,1605,1675,1752,1875,1980,2103,2206,2303,2363,2418,2549,2683,2813,2942,3071,3213,3301,3451,3621,3782,3950,4123,4236,4343,4499,4672,4829,4981,5175,5326,5449
50,Vermont,443041,131727,509941,177845,562758,210651,608820,240627,625741,256442,0,0,0,0,0,0,0,0,0,0,0,0,0,0,0,0,0,0,0,0,0,0,0,0,0,0,0,0,0,0,0,0,0,0,0,0,0,0,0,0,0,0,0,0,0,0,1,1,1,1,2,2,2,5,8,12,14,19,22,29,49,52,75,95,123,158,184,211,235,256,293,321,338,389,461,512,543,575,605,628,679,711,727,748,752,759,768,779,803,812,816,818,823,825,827,843,851,855,862,862,866,879,886,897,902,907
51,Virginia,4596311,1385568,5333220,1867048,6181118,2289785,7074062,2697258,8001024,3056058,0,0,0,0,0,0,0,0,0,0,0,0,0,0,0,0,0,0,0,0,0,0,0,0,0,0,0,0,0,0,0,0,0,0,0,0,0,0,0,0,0,0,0,0,0,0,1,2,5,8,10,17,30,42,45,51,67,78,94,115,152,219,254,290,391,604,606,740,890,1021,1250,1511,1706,2012,2407,2637,2878,3333,3645,4042,4509,5077,5274,5747,6171,6500,6889,7491,8053,8537,8990,9630,10266,11000,11596,12366,12970,13535,14339,14961,15846,16901,17731,18671,19492,20256
53,Washington,3228359,1049527,4088912,1528160,4866670,1872420,5894112,2271401,6724540,2620076,1,1,1,1,1,1,1,1,1,1,1,1,1,1,1,1,1,1,1,1,1,1,1,1,1,1,1,1,1,1,1,1,1,1,5,5,5,5,7,10,17,23,32,47,75,86,110,141,179,279,338,419,511,609,675,794,908,1026,1228,1404,1655,1844,2101,2469,2585,3208,3770,4311,4896,5179,5292,5588,6585,6966,7498,7984,8384,8682,9097,9608,9887,10224,10411,10538,10694,10783,11152,11445,11802,11805,12191,12345,12539,12906,13120,13484,13663,13864,14059,14378,14696,15010,15253,15580,15673,15847
54,West Virginia,1739493,545728,1921667,676961,1793484,688560,1808358,736484,1852994,763831,0,0,0,0,0,0,0,0,0,0,0,0,0,0,0,0,0,0,0,0,0,0,0,0,0,0,0,0,0,0,0,0,0,0,0,0,0,0,0,0,0,0,0,0,0,0,0,0,0,0,0,0,0,0,0,0,1,2,5,8,12,16,16,39,51,76,96,113,124,145,162,191,217,242,282,324,345,412,483,524,537,593,615,638,697,725,739,776,825,890,908,929,939,981,1010,1025,1053,1077,1095,1109,1125,1151,1184,1195,1224,1242
55,Wisconsin,4462420,1387188,4686957,1645934,4891760,1822104,5363658,2084541,5686986,2279768,0,0,0,0,0,0,0,0,0,0,0,0,0,0,0,1,1,1,1,1,1,1,1,1,1,1,1,1,1,1,1,1,1,1,1,1,1,1,1,1,1,1,1,1,1,1,1,1,2,3,6,8,19,27,33,47,72,106,155,216,281,382,418,481,623,754,930,1042,1120,1267,1351,1550,1730,1916,2112,2267,2440,2578,2756,2885,3068,3213,3341,3428,3555,3721,3875,4045,4199,4346,4499,4620,4845,5052,5356,5687,5911,6081,6289,6520,6854,7314,7660,7964,8236,8566
56,Wyoming,323200,101824,417637,149172,453594,168834,493788,193611,563626,226879,0,0,0,0,0,0,0,0,0,0,0,0,0,0,0,0,0,0,0,0,0,0,0,0,0,0,0,0,0,0,0,0,0,0,0,0,0,0,0,0,0,0,0,0,0,0,0,0,0,0,1,1,2,3,3,10,15,17,18,22,24,26,28,37,49,56,73,84,87,95,120,137,153,166,187,200,212,221,230,239,253,261,270,275,282,288,296,305,309,313,317,322,326,332,349,362,371,389,396,404,415,420,429,435,444,452
